{"cameraMode":{"drawMode":0,"name":"Shaded","section":"Shading Mode"},"sceneLighting":true,"audioPlay":false,"sceneViewState":{"m_AlwaysRefresh":false,"showFog":true,"showSkybox":true,"showFlares":true,"showImageEffects":true,"showParticleSystems":true,"showVisualEffectGraphs":true,"m_FxEnabled":true},"in2DMode":false,"pivot":{"x":0.9905162453651428,"y":-1.2097434997558594,"z":-1.2168874740600587},"rotation":{"x":0.4107864797115326,"y":0.00763247674331069,"z":-0.0034281217958778145,"w":0.9117453098297119},"size":11.904450416564942,"orthographic":false}