{"cameraMode":{"drawMode":0,"name":"Shaded","section":"Shading Mode"},"sceneLighting":true,"audioPlay":false,"sceneViewState":{"m_AlwaysRefresh":false,"showFog":true,"showSkybox":true,"showFlares":true,"showImageEffects":true,"showParticleSystems":true,"showVisualEffectGraphs":true,"m_FxEnabled":true},"in2DMode":false,"pivot":{"x":1.2784419059753419,"y":8.24152946472168,"z":-6.863149642944336},"rotation":{"x":0.15271779894828797,"y":-0.0035871039144694807,"z":0.0005797293852083385,"w":0.988315999507904},"size":13.212418556213379,"orthographic":true}