{"cameraMode":{"drawMode":0,"name":"Shaded","section":"Shading Mode"},"sceneLighting":false,"audioPlay":false,"sceneViewState":{"m_AlwaysRefresh":false,"showFog":true,"showSkybox":false,"showFlares":true,"showImageEffects":true,"showParticleSystems":true,"showVisualEffectGraphs":true,"m_FxEnabled":true},"in2DMode":false,"pivot":{"x":-1.0311039686203004,"y":-0.2930210828781128,"z":2.1846513748168947},"rotation":{"x":0.34407636523246767,"y":-0.01889270916581154,"z":0.0069581507705152039,"w":0.9387808442115784},"size":0.9262627959251404,"orthographic":false}